Nationality,Year,Qty
Portugal,2011,82363
Portugal,2012,85321
Portugal,2013,88243
Portugal,2014,90764
Portugal,2015,92063
Portugal,2016,93124
Portugal,2017,96779
Portugal,2018,96544
Portugal,2019,95516
Portugal,2020,95057
Portugal,2021,94335
Portugal,2022,93678
Moldova,2011,42
Moldova,2012,46
Moldova,2013,49
Moldova,2014,55
Moldova,2015,59
Moldova,2016,58
Moldova,2017,56
Moldova,2018,69
Moldova,2019,74
Moldova,2020,77
Moldova,2021,86
Moldova,2022,93
Algeria,2011,277
Algeria,2012,322
Algeria,2013,331
Algeria,2014,373
Algeria,2015,402
Algeria,2016,414
Algeria,2017,415
Algeria,2018,433
Algeria,2019,439
Algeria,2020,505
Algeria,2021,534
Algeria,2022,562
Burkina Faso,2011,20
Burkina Faso,2012,23
Burkina Faso,2013,26
Burkina Faso,2014,22
Burkina Faso,2015,26
Burkina Faso,2016,25
Burkina Faso,2017,26
Burkina Faso,2018,34
Burkina Faso,2019,37
Burkina Faso,2020,43
Burkina Faso,2021,47
Burkina Faso,2022,66
Kenya,2011,21
Kenya,2012,19
Kenya,2013,21
Kenya,2014,18
Kenya,2015,18
Kenya,2016,21
Kenya,2017,27
Kenya,2018,38
Kenya,2019,46
Kenya,2020,49
Kenya,2021,53
Kenya,2022,70
Rwanda,2011,39
Rwanda,2012,37
Rwanda,2013,37
Rwanda,2014,39
Rwanda,2015,38
Rwanda,2016,38
Rwanda,2017,41
Rwanda,2018,37
Rwanda,2019,35
Rwanda,2020,46
Rwanda,2021,50
Rwanda,2022,46
Saint Lucia,2011,2
Saint Lucia,2012,4
Saint Lucia,2013,4
Saint Lucia,2014,4
Saint Lucia,2015,4
Saint Lucia,2016,0
Saint Lucia,2017,1
Saint Lucia,2018,0
Saint Lucia,2019,0
Saint Lucia,2020,1
Saint Lucia,2021,1
Saint Lucia,2022,1
Bolivia,2011,10
Bolivia,2012,12
Bolivia,2013,13
Bolivia,2014,13
Bolivia,2015,9
Bolivia,2016,9
Bolivia,2017,19
Bolivia,2018,24
Bolivia,2019,26
Bolivia,2020,27
Bolivia,2021,26
Bolivia,2022,34
Georgia,2011,20
Georgia,2012,24
Georgia,2013,32
Georgia,2014,43
Georgia,2015,52
Georgia,2016,62
Georgia,2017,64
Georgia,2018,58
Georgia,2019,50
Georgia,2020,76
Georgia,2021,87
Georgia,2022,95
Irak,2011,194
Irak,2012,210
Irak,2013,225
Irak,2014,248
Irak,2015,261
Irak,2016,771
Irak,2017,857
Irak,2018,898
Irak,2019,984
Irak,2020,1056
Irak,2021,1080
Irak,2022,1002
Qatar,2011,0
Qatar,2012,0
Qatar,2013,0
Qatar,2014,0
Qatar,2015,0
Qatar,2016,1
Qatar,2017,1
Qatar,2018,1
Qatar,2019,1
Qatar,2020,1
Qatar,2021,1
Qatar,2022,1
British overseas,2011,9
British overseas,2012,8
British overseas,2013,9
British overseas,2014,10
British overseas,2015,10
British overseas,2016,12
British overseas,2017,8
British overseas,2018,9
British overseas,2019,9
British overseas,2020,8
British overseas,2021,8
British overseas,2022,10
Bulgaria,2011,734
Bulgaria,2012,756
Bulgaria,2013,850
Bulgaria,2014,904
Bulgaria,2015,1066
Bulgaria,2016,1224
Bulgaria,2017,1487
Bulgaria,2018,1596
Bulgaria,2019,1726
Bulgaria,2020,1841
Bulgaria,2021,1924
Bulgaria,2022,1969
Spain,2011,3657
Spain,2012,3972
Spain,2013,4290
Spain,2014,4686
Spain,2015,5067
Spain,2016,5521
Spain,2017,6120
Spain,2018,6545
Spain,2019,6801
Spain,2020,7202
Spain,2021,7651
Spain,2022,8388
Slovakia,2011,612
Slovakia,2012,649
Slovakia,2013,679
Slovakia,2014,718
Slovakia,2015,774
Slovakia,2016,831
Slovakia,2017,858
Slovakia,2018,882
Slovakia,2019,950
Slovakia,2020,972
Slovakia,2021,970
Slovakia,2022,993
State of Eritrea,2011,21
State of Eritrea,2012,30
State of Eritrea,2013,42
State of Eritrea,2014,46
State of Eritrea,2015,84
State of Eritrea,2016,126
State of Eritrea,2017,229
State of Eritrea,2018,444
State of Eritrea,2019,809
State of Eritrea,2020,1233
State of Eritrea,2021,1471
State of Eritrea,2022,1775
Ghana,2011,9
Ghana,2012,8
Ghana,2013,11
Ghana,2014,16
Ghana,2015,19
Ghana,2016,19
Ghana,2017,21
Ghana,2018,24
Ghana,2019,31
Ghana,2020,35
Ghana,2021,43
Ghana,2022,50
Nigeria,2011,72
Nigeria,2012,85
Nigeria,2013,106
Nigeria,2014,153
Nigeria,2015,160
Nigeria,2016,161
Nigeria,2017,256
Nigeria,2018,255
Nigeria,2019,261
Nigeria,2020,299
Nigeria,2021,313
Nigeria,2022,378
Zimbabwe,2011,9
Zimbabwe,2012,10
Zimbabwe,2013,10
Zimbabwe,2014,11
Zimbabwe,2015,15
Zimbabwe,2016,20
Zimbabwe,2017,18
Zimbabwe,2018,17
Zimbabwe,2019,19
Zimbabwe,2020,25
Zimbabwe,2021,25
Zimbabwe,2022,31
Uruguay,2011,23
Uruguay,2012,24
Uruguay,2013,25
Uruguay,2014,23
Uruguay,2015,25
Uruguay,2016,25
Uruguay,2017,17
Uruguay,2018,16
Uruguay,2019,16
Uruguay,2020,23
Uruguay,2021,26
Uruguay,2022,30
Afghanistan,2011,51
Afghanistan,2012,66
Afghanistan,2013,75
Afghanistan,2014,89
Afghanistan,2015,88
Afghanistan,2016,284
Afghanistan,2017,335
Afghanistan,2018,346
Afghanistan,2019,466
Afghanistan,2020,584
Afghanistan,2021,674
Afghanistan,2022,761
Bahrain,2011,0
Bahrain,2012,0
Bahrain,2013,0
Bahrain,2014,0
Bahrain,2015,0
Bahrain,2016,0
Bahrain,2017,0
Bahrain,2018,0
Bahrain,2019,2
Bahrain,2020,1
Bahrain,2021,1
Bahrain,2022,3
Kazakhstan,2011,30
Kazakhstan,2012,33
Kazakhstan,2013,30
Kazakhstan,2014,40
Kazakhstan,2015,38
Kazakhstan,2016,32
Kazakhstan,2017,42
Kazakhstan,2018,50
Kazakhstan,2019,62
Kazakhstan,2020,97
Kazakhstan,2021,108
Kazakhstan,2022,125
Tadjikistan,2011,5
Tadjikistan,2012,5
Tadjikistan,2013,5
Tadjikistan,2014,6
Tadjikistan,2015,7
Tadjikistan,2016,8
Tadjikistan,2017,5
Tadjikistan,2018,12
Tadjikistan,2019,5
Tadjikistan,2020,11
Tadjikistan,2021,14
Tadjikistan,2022,20
Estonia,2011,456
Estonia,2012,491
Estonia,2013,531
Estonia,2014,557
Estonia,2015,574
Estonia,2016,584
Estonia,2017,605
Estonia,2018,620
Estonia,2019,645
Estonia,2020,662
Estonia,2021,674
Estonia,2022,654
Yugoslavia,2011,665
Yugoslavia,2012,659
Yugoslavia,2013,663
Yugoslavia,2014,666
Yugoslavia,2015,658
Yugoslavia,2016,666
Yugoslavia,2017,33
Yugoslavia,2018,31
Yugoslavia,2019,28
Yugoslavia,2020,26
Yugoslavia,2021,24
Yugoslavia,2022,24
Egypt,2011,37
Egypt,2012,43
Egypt,2013,60
Egypt,2014,77
Egypt,2015,90
Egypt,2016,90
Egypt,2017,128
Egypt,2018,167
Egypt,2019,190
Egypt,2020,218
Egypt,2021,259
Egypt,2022,325
Malawa,2011,5
Malawa,2012,7
Malawa,2013,6
Malawa,2014,6
Malawa,2015,6
Malawa,2016,6
Malawa,2017,9
Malawa,2018,10
Malawa,2019,10
Malawa,2020,9
Malawa,2021,9
Malawa,2022,8
Tanzania,2011,2
Tanzania,2012,4
Tanzania,2013,10
Tanzania,2014,8
Tanzania,2015,9
Tanzania,2016,15
Tanzania,2017,18
Tanzania,2018,21
Tanzania,2019,18
Tanzania,2020,24
Tanzania,2021,23
Tanzania,2022,24
Tchad,2011,1
Tchad,2012,1
Tchad,2013,1
Tchad,2014,3
Tchad,2015,3
Tchad,2016,3
Tchad,2017,5
Tchad,2018,3
Tchad,2019,3
Tchad,2020,8
Tchad,2021,10
Tchad,2022,9
Nicaragua,2011,5
Nicaragua,2012,4
Nicaragua,2013,7
Nicaragua,2014,9
Nicaragua,2015,11
Nicaragua,2016,14
Nicaragua,2017,10
Nicaragua,2018,11
Nicaragua,2019,8
Nicaragua,2020,9
Nicaragua,2021,12
Nicaragua,2022,12
Suriname,2011,0
Suriname,2012,0
Suriname,2013,0
Suriname,2014,0
Suriname,2015,0
Suriname,2016,0
Suriname,2017,0
Suriname,2018,0
Suriname,2019,0
Suriname,2020,0
Suriname,2021,1
Suriname,2022,1
Lebanon,2011,48
Lebanon,2012,56
Lebanon,2013,62
Lebanon,2014,72
Lebanon,2015,76
Lebanon,2016,86
Lebanon,2017,72
Lebanon,2018,89
Lebanon,2019,91
Lebanon,2020,126
Lebanon,2021,185
Lebanon,2022,301
Solomon Islands,2011,4
Solomon Islands,2012,4
Solomon Islands,2013,4
Solomon Islands,2014,4
Solomon Islands,2015,4
Solomon Islands,2016,4
Solomon Islands,2017,0
Solomon Islands,2018,0
Solomon Islands,2019,0
Solomon Islands,2020,0
Solomon Islands,2021,0
Solomon Islands,2022,0
Lithuania,2011,530
Lithuania,2012,599
Lithuania,2013,638
Lithuania,2014,673
Lithuania,2015,747
Lithuania,2016,874
Lithuania,2017,898
Lithuania,2018,934
Lithuania,2019,1007
Lithuania,2020,1103
Lithuania,2021,1167
Lithuania,2022,1189
Burundi,2011,21
Burundi,2012,24
Burundi,2013,25
Burundi,2014,25
Burundi,2015,27
Burundi,2016,27
Burundi,2017,35
Burundi,2018,33
Burundi,2019,29
Burundi,2020,31
Burundi,2021,27
Burundi,2022,24
Madagascar,2011,33
Madagascar,2012,32
Madagascar,2013,32
Madagascar,2014,34
Madagascar,2015,42
Madagascar,2016,47
Madagascar,2017,48
Madagascar,2018,54
Madagascar,2019,59
Madagascar,2020,72
Madagascar,2021,87
Madagascar,2022,106
Niger,2011,129
Niger,2012,130
Niger,2013,130
Niger,2014,132
Niger,2015,134
Niger,2016,134
Niger,2017,16
Niger,2018,23
Niger,2019,23
Niger,2020,28
Niger,2021,27
Niger,2022,30
São Tomé e Príncipe,2011,12
São Tomé e Príncipe,2012,15
São Tomé e Príncipe,2013,19
São Tomé e Príncipe,2014,20
São Tomé e Príncipe,2015,23
São Tomé e Príncipe,2016,24
São Tomé e Príncipe,2017,21
São Tomé e Príncipe,2018,23
São Tomé e Príncipe,2019,23
São Tomé e Príncipe,2020,25
São Tomé e Príncipe,2021,30
São Tomé e Príncipe,2022,32
Bahamas,2011,1
Bahamas,2012,1
Bahamas,2013,1
Bahamas,2014,1
Bahamas,2015,1
Bahamas,2016,1
Bahamas,2017,1
Bahamas,2018,1
Bahamas,2019,0
Bahamas,2020,0
Bahamas,2021,0
Bahamas,2022,0
Guatemala,2011,9
Guatemala,2012,10
Guatemala,2013,11
Guatemala,2014,15
Guatemala,2015,18
Guatemala,2016,24
Guatemala,2017,23
Guatemala,2018,26
Guatemala,2019,22
Guatemala,2020,27
Guatemala,2021,26
Guatemala,2022,23
Bangladesh,2011,56
Bangladesh,2012,64
Bangladesh,2013,63
Bangladesh,2014,65
Bangladesh,2015,73
Bangladesh,2016,83
Bangladesh,2017,92
Bangladesh,2018,93
Bangladesh,2019,107
Bangladesh,2020,114
Bangladesh,2021,127
Bangladesh,2022,140
United Arab Emirates,2011,0
United Arab Emirates,2012,0
United Arab Emirates,2013,0
United Arab Emirates,2014,0
United Arab Emirates,2015,0
United Arab Emirates,2016,0
United Arab Emirates,2017,2
United Arab Emirates,2018,2
United Arab Emirates,2019,3
United Arab Emirates,2020,3
United Arab Emirates,2021,4
United Arab Emirates,2022,7
Malaysia,2011,46
Malaysia,2012,53
Malaysia,2013,54
Malaysia,2014,57
Malaysia,2015,58
Malaysia,2016,60
Malaysia,2017,64
Malaysia,2018,80
Malaysia,2019,71
Malaysia,2020,67
Malaysia,2021,68
Malaysia,2022,75
Philippines,2011,289
Philippines,2012,297
Philippines,2013,306
Philippines,2014,324
Philippines,2015,354
Philippines,2016,385
Philippines,2017,429
Philippines,2018,491
Philippines,2019,577
Philippines,2020,665
Philippines,2021,721
Philippines,2022,761
French Polynesia,2011,2
French Polynesia,2012,2
French Polynesia,2013,2
French Polynesia,2014,2
French Polynesia,2015,2
French Polynesia,2016,2
French Polynesia,2017,0
French Polynesia,2018,0
French Polynesia,2019,0
French Polynesia,2020,0
French Polynesia,2021,0
French Polynesia,2022,0
Malta,2011,225
Malta,2012,230
Malta,2013,242
Malta,2014,229
Malta,2015,242
Malta,2016,256
Malta,2017,272
Malta,2018,281
Malta,2019,272
Malta,2020,286
Malta,2021,313
Malta,2022,306
Bosnia and Herzegovina,2011,2261
Bosnia and Herzegovina,2012,2191
Bosnia and Herzegovina,2013,2303
Bosnia and Herzegovina,2014,2269
Bosnia and Herzegovina,2015,2310
Bosnia and Herzegovina,2016,2156
Bosnia and Herzegovina,2017,2168
Bosnia and Herzegovina,2018,2036
Bosnia and Herzegovina,2019,1622
Bosnia and Herzegovina,2020,1509
Bosnia and Herzegovina,2021,1508
Bosnia and Herzegovina,2022,1561
Iceland,2011,453
Iceland,2012,440
Iceland,2013,445
Iceland,2014,429
Iceland,2015,420
Iceland,2016,403
Iceland,2017,428
Iceland,2018,425
Iceland,2019,376
Iceland,2020,331
Iceland,2021,321
Iceland,2022,312
Liechtenstein,2011,4
Liechtenstein,2012,5
Liechtenstein,2013,5
Liechtenstein,2014,5
Liechtenstein,2015,4
Liechtenstein,2016,4
Liechtenstein,2017,5
Liechtenstein,2018,5
Liechtenstein,2019,5
Liechtenstein,2020,4
Liechtenstein,2021,4
Liechtenstein,2022,3
Angola,2011,85
Angola,2012,87
Angola,2013,91
Angola,2014,89
Angola,2015,92
Angola,2016,97
Angola,2017,67
Angola,2018,61
Angola,2019,64
Angola,2020,62
Angola,2021,62
Angola,2022,60
Gambia,2011,23
Gambia,2012,27
Gambia,2013,38
Gambia,2014,41
Gambia,2015,44
Gambia,2016,48
Gambia,2017,47
Gambia,2018,51
Gambia,2019,54
Gambia,2020,57
Gambia,2021,55
Gambia,2022,68
Guinea,2011,55
Guinea,2012,62
Guinea,2013,77
Guinea,2014,82
Guinea,2015,105
Guinea,2016,122
Guinea,2017,153
Guinea,2018,177
Guinea,2019,220
Guinea,2020,257
Guinea,2021,312
Guinea,2022,399
South America,2011,1681
South America,2012,1839
South America,2013,1964
South America,2014,2193
South America,2015,2336
South America,2016,2489
South America,2017,2516
South America,2018,2736
South America,2019,3001
South America,2020,3396
South America,2021,3666
South America,2022,4070
Brazil,2011,1203
Brazil,2012,1297
Brazil,2013,1384
Brazil,2014,1571
Brazil,2015,1684
Brazil,2016,1784
Brazil,2017,1823
Brazil,2018,1999
Brazil,2019,2205
Brazil,2020,2449
Brazil,2021,2604
Brazil,2022,2853
Saudi Arabia,2011,0
Saudi Arabia,2012,0
Saudi Arabia,2013,1
Saudi Arabia,2014,0
Saudi Arabia,2015,3
Saudi Arabia,2016,0
Saudi Arabia,2017,0
Saudi Arabia,2018,0
Saudi Arabia,2019,3
Saudi Arabia,2020,1
Saudi Arabia,2021,2
Saudi Arabia,2022,2
Iran,2011,290
Iran,2012,300
Iran,2013,322
Iran,2014,333
Iran,2015,337
Iran,2016,392
Iran,2017,424
Iran,2018,439
Iran,2019,454
Iran,2020,501
Iran,2021,548
Iran,2022,607
Israel,2011,91
Israel,2012,95
Israel,2013,113
Israel,2014,140
Israel,2015,142
Israel,2016,140
Israel,2017,129
Israel,2018,133
Israel,2019,132
Israel,2020,118
Israel,2021,113
Israel,2022,104
Cyprus,2011,63
Cyprus,2012,73
Cyprus,2013,81
Cyprus,2014,89
Cyprus,2015,106
Cyprus,2016,117
Cyprus,2017,151
Cyprus,2018,166
Cyprus,2019,167
Cyprus,2020,184
Cyprus,2021,191
Cyprus,2022,205
Czech Republic,2011,760
Czech Republic,2012,830
Czech Republic,2013,871
Czech Republic,2014,902
Czech Republic,2015,946
Czech Republic,2016,997
Czech Republic,2017,1024
Czech Republic,2018,1089
Czech Republic,2019,1130
Czech Republic,2020,1126
Czech Republic,2021,1113
Czech Republic,2022,1096
Ukraine,2011,427
Ukraine,2012,452
Ukraine,2013,443
Ukraine,2014,470
Ukraine,2015,545
Ukraine,2016,653
Ukraine,2017,742
Ukraine,2018,841
Ukraine,2019,912
Ukraine,2020,980
Ukraine,2021,1007
Ukraine,2022,1075
South Africa,2011,155
South Africa,2012,173
South Africa,2013,183
South Africa,2014,183
South Africa,2015,178
South Africa,2016,187
South Africa,2017,184
South Africa,2018,217
South Africa,2019,250
South Africa,2020,318
South Africa,2021,366
South Africa,2022,422
Botswana,2011,2
Botswana,2012,2
Botswana,2013,2
Botswana,2014,0
Botswana,2015,0
Botswana,2016,0
Botswana,2017,4
Botswana,2018,4
Botswana,2019,1
Botswana,2020,1
Botswana,2021,1
Botswana,2022,1
Ethiopia,2011,67
Ethiopia,2012,73
Ethiopia,2013,79
Ethiopia,2014,80
Ethiopia,2015,99
Ethiopia,2016,116
Ethiopia,2017,126
Ethiopia,2018,132
Ethiopia,2019,152
Ethiopia,2020,158
Ethiopia,2021,155
Ethiopia,2022,182
Mozambique,2011,4
Mozambique,2012,5
Mozambique,2013,5
Mozambique,2014,5
Mozambique,2015,5
Mozambique,2016,6
Mozambique,2017,4
Mozambique,2018,5
Mozambique,2019,5
Mozambique,2020,6
Mozambique,2021,5
Mozambique,2022,8
Seychelles,2011,1
Seychelles,2012,1
Seychelles,2013,1
Seychelles,2014,1
Seychelles,2015,0
Seychelles,2016,0
Seychelles,2017,1
Seychelles,2018,2
Seychelles,2019,2
Seychelles,2020,2
Seychelles,2021,1
Seychelles,2022,1
Antigua and Barbuda,2011,1
Antigua and Barbuda,2012,1
Antigua and Barbuda,2013,1
Antigua and Barbuda,2014,1
Antigua and Barbuda,2015,1
Antigua and Barbuda,2016,1
Antigua and Barbuda,2017,1
Antigua and Barbuda,2018,2
Antigua and Barbuda,2019,2
Antigua and Barbuda,2020,2
Antigua and Barbuda,2021,1
Antigua and Barbuda,2022,1
Haiti,2011,21
Haiti,2012,21
Haiti,2013,23
Haiti,2014,26
Haiti,2015,29
Haiti,2016,31
Haiti,2017,21
Haiti,2018,20
Haiti,2019,21
Haiti,2020,17
Haiti,2021,15
Haiti,2022,15
Guyana,2011,0
Guyana,2012,0
Guyana,2013,0
Guyana,2014,0
Guyana,2015,0
Guyana,2016,0
Guyana,2017,0
Guyana,2018,0
Guyana,2019,0
Guyana,2020,1
Guyana,2021,1
Guyana,2022,0
Azerbaijan,2011,27
Azerbaijan,2012,46
Azerbaijan,2013,62
Azerbaijan,2014,75
Azerbaijan,2015,74
Azerbaijan,2016,86
Azerbaijan,2017,106
Azerbaijan,2018,147
Azerbaijan,2019,163
Azerbaijan,2020,203
Azerbaijan,2021,207
Azerbaijan,2022,236
India,2011,569
India,2012,688
India,2013,783
India,2014,846
India,2015,963
India,2016,1210
India,2017,1411
India,2018,1872
India,2019,2331
India,2020,2804
India,2021,3125
India,2022,3777
Pakistan,2011,45
Pakistan,2012,57
Pakistan,2013,72
Pakistan,2014,85
Pakistan,2015,91
Pakistan,2016,102
Pakistan,2017,144
Pakistan,2018,146
Pakistan,2019,181
Pakistan,2020,206
Pakistan,2021,268
Pakistan,2022,334
Danmark,2011,1964
Danmark,2012,1926
Danmark,2013,1953
Danmark,2014,2019
Danmark,2015,2008
Danmark,2016,1959
Danmark,2017,1965
Danmark,2018,1859
Danmark,2019,1763
Danmark,2020,1612
Danmark,2021,1542
Danmark,2022,1462
Soviet Union,2011,3
Soviet Union,2012,3
Soviet Union,2013,3
Soviet Union,2014,3
Soviet Union,2015,3
Soviet Union,2016,3
Soviet Union,2017,1
Soviet Union,2018,1
Soviet Union,2019,1
Soviet Union,2020,1
Soviet Union,2021,0
Soviet Union,2022,0
Morocco,2011,524
Morocco,2012,564
Morocco,2013,616
Morocco,2014,673
Morocco,2015,733
Morocco,2016,830
Morocco,2017,873
Morocco,2018,1009
Morocco,2019,1121
Morocco,2020,1360
Morocco,2021,1484
Morocco,2022,1616
Mauritania,2011,3
Mauritania,2012,1
Mauritania,2013,1
Mauritania,2014,7
Mauritania,2015,5
Mauritania,2016,3
Mauritania,2017,2
Mauritania,2018,2
Mauritania,2019,4
Mauritania,2020,6
Mauritania,2021,8
Mauritania,2022,7
Sierra Leone,2011,16
Sierra Leone,2012,17
Sierra Leone,2013,14
Sierra Leone,2014,15
Sierra Leone,2015,14
Sierra Leone,2016,14
Sierra Leone,2017,14
Sierra Leone,2018,9
Sierra Leone,2019,8
Sierra Leone,2020,10
Sierra Leone,2021,8
Sierra Leone,2022,9
Sudan,2011,13
Sudan,2012,11
Sudan,2013,12
Sudan,2014,16
Sudan,2015,17
Sudan,2016,18
Sudan,2017,24
Sudan,2018,34
Sudan,2019,84
Sudan,2020,106
Sudan,2021,111
Sudan,2022,131
Honduras,2011,4
Honduras,2012,5
Honduras,2013,7
Honduras,2014,8
Honduras,2015,10
Honduras,2016,13
Honduras,2017,12
Honduras,2018,11
Honduras,2019,11
Honduras,2020,13
Honduras,2021,15
Honduras,2022,17
Jamaica,2011,6
Jamaica,2012,10
Jamaica,2013,12
Jamaica,2014,13
Jamaica,2015,11
Jamaica,2016,13
Jamaica,2017,13
Jamaica,2018,13
Jamaica,2019,12
Jamaica,2020,11
Jamaica,2021,13
Jamaica,2022,12
Mexico,2011,128
Mexico,2012,137
Mexico,2013,142
Mexico,2014,160
Mexico,2015,173
Mexico,2016,205
Mexico,2017,229
Mexico,2018,239
Mexico,2019,253
Mexico,2020,281
Mexico,2021,300
Mexico,2022,358
Turkey,2011,366
Turkey,2012,423
Turkey,2013,487
Turkey,2014,521
Turkey,2015,541
Turkey,2016,595
Turkey,2017,656
Turkey,2018,815
Turkey,2019,962
Turkey,2020,1105
Turkey,2021,1246
Turkey,2022,1375
Vietnam,2011,96
Vietnam,2012,105
Vietnam,2013,113
Vietnam,2014,126
Vietnam,2015,128
Vietnam,2016,140
Vietnam,2017,158
Vietnam,2018,156
Vietnam,2019,148
Vietnam,2020,163
Vietnam,2021,181
Vietnam,2022,196
Yemen,2011,0
Yemen,2012,0
Yemen,2013,0
Yemen,2014,0
Yemen,2015,0
Yemen,2016,1
Yemen,2017,2
Yemen,2018,4
Yemen,2019,19
Yemen,2020,28
Yemen,2021,35
Yemen,2022,47
Croatia,2011,362
Croatia,2012,378
Croatia,2013,439
Croatia,2014,493
Croatia,2015,607
Croatia,2016,703
Croatia,2017,915
Croatia,2018,1010
Croatia,2019,1118
Croatia,2020,1268
Croatia,2021,1358
Croatia,2022,1421
Poland,2011,2709
Poland,2012,2995
Poland,2013,3219
Poland,2014,3432
Poland,2015,3783
Poland,2016,4070
Poland,2017,4304
Poland,2018,4489
Poland,2019,4708
Poland,2020,4844
Poland,2021,4941
Poland,2022,5020
Russian Federation,2011,930
Russian Federation,2012,1000
Russian Federation,2013,1062
Russian Federation,2014,1200
Russian Federation,2015,1327
Russian Federation,2016,1469
Russian Federation,2017,1462
Russian Federation,2018,1631
Russian Federation,2019,1782
Russian Federation,2020,1857
Russian Federation,2021,1906
Russian Federation,2022,1951
Gabon,2011,8
Gabon,2012,10
Gabon,2013,11
Gabon,2014,12
Gabon,2015,15
Gabon,2016,17
Gabon,2017,34
Gabon,2018,34
Gabon,2019,40
Gabon,2020,46
Gabon,2021,52
Gabon,2022,50
Mauritius,2011,141
Mauritius,2012,143
Mauritius,2013,146
Mauritius,2014,157
Mauritius,2015,164
Mauritius,2016,188
Mauritius,2017,226
Mauritius,2018,250
Mauritius,2019,339
Mauritius,2020,434
Mauritius,2021,484
Mauritius,2022,558
Somalia,2011,40
Somalia,2012,38
Somalia,2013,48
Somalia,2014,54
Somalia,2015,59
Somalia,2016,66
Somalia,2017,65
Somalia,2018,65
Somalia,2019,67
Somalia,2020,102
Somalia,2021,121
Somalia,2022,125
United States of Ameria,2011,1295
United States of Ameria,2012,1434
United States of Ameria,2013,1696
United States of Ameria,2014,1935
United States of Ameria,2015,2200
United States of Ameria,2016,2279
United States of Ameria,2017,1968
United States of Ameria,2018,2103
United States of Ameria,2019,2180
United States of Ameria,2020,2334
United States of Ameria,2021,2176
United States of Ameria,2022,2170
Colombia,2011,71
Colombia,2012,79
Colombia,2013,96
Colombia,2014,116
Colombia,2015,132
Colombia,2016,143
Colombia,2017,138
Colombia,2018,171
Colombia,2019,203
Colombia,2020,254
Colombia,2021,283
Colombia,2022,333
Ecuador,2011,74
Ecuador,2012,78
Ecuador,2013,76
Ecuador,2014,86
Ecuador,2015,89
Ecuador,2016,89
Ecuador,2017,82
Ecuador,2018,83
Ecuador,2019,87
Ecuador,2020,89
Ecuador,2021,87
Ecuador,2022,92
Armenia,2011,19
Armenia,2012,22
Armenia,2013,32
Armenia,2014,41
Armenia,2015,48
Armenia,2016,58
Armenia,2017,67
Armenia,2018,83
Armenia,2019,92
Armenia,2020,105
Armenia,2021,109
Armenia,2022,133
Nepal,2011,141
Nepal,2012,150
Nepal,2013,165
Nepal,2014,195
Nepal,2015,217
Nepal,2016,263
Nepal,2017,288
Nepal,2018,330
Nepal,2019,362
Nepal,2020,376
Nepal,2021,369
Nepal,2022,390
Uzbekistan,2011,22
Uzbekistan,2012,22
Uzbekistan,2013,23
Uzbekistan,2014,21
Uzbekistan,2015,21
Uzbekistan,2016,23
Uzbekistan,2017,27
Uzbekistan,2018,31
Uzbekistan,2019,37
Uzbekistan,2020,46
Uzbekistan,2021,39
Uzbekistan,2022,41
Austria,2011,756
Austria,2012,780
Austria,2013,795
Austria,2014,807
Austria,2015,856
Austria,2016,873
Austria,2017,905
Austria,2018,919
Austria,2019,936
Austria,2020,962
Austria,2021,945
Austria,2022,993
Netherlands,2011,3891
Netherlands,2012,3938
Netherlands,2013,3889
Netherlands,2014,3972
Netherlands,2015,3994
Netherlands,2016,4033
Netherlands,2017,4252
Netherlands,2018,4294
Netherlands,2019,4207
Netherlands,2020,4168
Netherlands,2021,4127
Netherlands,2022,4069
Kosovo,2011,1324
Kosovo,2012,1377
Kosovo,2013,1491
Kosovo,2014,1600
Kosovo,2015,1554
Kosovo,2016,1507
Kosovo,2017,1664
Kosovo,2018,1532
Kosovo,2019,1434
Kosovo,2020,1291
Kosovo,2021,1171
Kosovo,2022,1203
Montenegro,2011,3814
Montenegro,2012,3782
Montenegro,2013,3862
Montenegro,2014,3898
Montenegro,2015,3917
Montenegro,2016,3818
Montenegro,2017,4410
Montenegro,2018,4197
Montenegro,2019,3589
Montenegro,2020,3163
Montenegro,2021,2944
Montenegro,2022,2855
Benin,2011,26
Benin,2012,30
Benin,2013,37
Benin,2014,39
Benin,2015,39
Benin,2016,40
Benin,2017,44
Benin,2018,56
Benin,2019,71
Benin,2020,81
Benin,2021,89
Benin,2022,96
Guinea-Bissau,2011,55
Guinea-Bissau,2012,83
Guinea-Bissau,2013,117
Guinea-Bissau,2014,149
Guinea-Bissau,2015,183
Guinea-Bissau,2016,213
Guinea-Bissau,2017,235
Guinea-Bissau,2018,261
Guinea-Bissau,2019,281
Guinea-Bissau,2020,340
Guinea-Bissau,2021,394
Guinea-Bissau,2022,431
Liberia,2011,27
Liberia,2012,24
Liberia,2013,26
Liberia,2014,28
Liberia,2015,32
Liberia,2016,30
Liberia,2017,23
Liberia,2018,21
Liberia,2019,20
Liberia,2020,20
Liberia,2021,19
Liberia,2022,20
Central America,2011,465
Central America,2012,504
Central America,2013,536
Central America,2014,580
Central America,2015,601
Central America,2016,669
Central America,2017,696
Central America,2018,718
Central America,2019,728
Central America,2020,796
Central America,2021,848
Central America,2022,906
Trinidad and Tobago,2011,2
Trinidad and Tobago,2012,3
Trinidad and Tobago,2013,4
Trinidad and Tobago,2014,6
Trinidad and Tobago,2015,4
Trinidad and Tobago,2016,3
Trinidad and Tobago,2017,4
Trinidad and Tobago,2018,3
Trinidad and Tobago,2019,5
Trinidad and Tobago,2020,7
Trinidad and Tobago,2021,8
Trinidad and Tobago,2022,9
Indonesia,2011,32
Indonesia,2012,33
Indonesia,2013,31
Indonesia,2014,33
Indonesia,2015,44
Indonesia,2016,48
Indonesia,2017,65
Indonesia,2018,69
Indonesia,2019,69
Indonesia,2020,77
Indonesia,2021,79
Indonesia,2022,87
Palestine,2011,13
Palestine,2012,14
Palestine,2013,14
Palestine,2014,14
Palestine,2015,16
Palestine,2016,17
Palestine,2017,1
Palestine,2018,1
Palestine,2019,1
Palestine,2020,0
Palestine,2021,2
Palestine,2022,2
Sri Lanka,2011,23
Sri Lanka,2012,25
Sri Lanka,2013,28
Sri Lanka,2014,37
Sri Lanka,2015,39
Sri Lanka,2016,43
Sri Lanka,2017,42
Sri Lanka,2018,42
Sri Lanka,2019,44
Sri Lanka,2020,51
Sri Lanka,2021,56
Sri Lanka,2022,59
Italy,2011,18059
Italy,2012,18117
Italy,2013,18344
Italy,2014,18773
Italy,2015,19524
Italy,2016,20276
Italy,2017,21345
Italy,2018,21962
Italy,2019,22465
Italy,2020,22996
Italy,2021,23532
Italy,2022,24116
Belarus,2011,138
Belarus,2012,144
Belarus,2013,147
Belarus,2014,160
Belarus,2015,155
Belarus,2016,158
Belarus,2017,183
Belarus,2018,195
Belarus,2019,199
Belarus,2020,216
Belarus,2021,219
Belarus,2022,217
Cameroon,2011,294
Cameroon,2012,347
Cameroon,2013,366
Cameroon,2014,382
Cameroon,2015,417
Cameroon,2016,468
Cameroon,2017,480
Cameroon,2018,551
Cameroon,2019,641
Cameroon,2020,659
Cameroon,2021,737
Cameroon,2022,871
Ivory Coast,2011,83
Ivory Coast,2012,95
Ivory Coast,2013,108
Ivory Coast,2014,124
Ivory Coast,2015,136
Ivory Coast,2016,146
Ivory Coast,2017,157
Ivory Coast,2018,181
Ivory Coast,2019,201
Ivory Coast,2020,234
Ivory Coast,2021,237
Ivory Coast,2022,271
Canada,2011,376
Canada,2012,407
Canada,2013,408
Canada,2014,474
Canada,2015,503
Canada,2016,538
Canada,2017,526
Canada,2018,544
Canada,2019,550
Canada,2020,544
Canada,2021,574
Canada,2022,561
Belize,2011,1
Belize,2012,1
Belize,2013,1
Belize,2014,1
Belize,2015,1
Belize,2016,1
Belize,2017,0
Belize,2018,0
Belize,2019,0
Belize,2020,0
Belize,2021,0
Belize,2022,0
El Salvador,2011,6
El Salvador,2012,7
El Salvador,2013,11
El Salvador,2014,12
El Salvador,2015,9
El Salvador,2016,13
El Salvador,2017,24
El Salvador,2018,26
El Salvador,2019,26
El Salvador,2020,22
El Salvador,2021,23
El Salvador,2022,23
Chile,2011,62
Chile,2012,62
Chile,2013,58
Chile,2014,61
Chile,2015,59
Chile,2016,59
Chile,2017,66
Chile,2018,67
Chile,2019,68
Chile,2020,71
Chile,2021,78
Chile,2022,100
Mongolia,2011,11
Mongolia,2012,13
Mongolia,2013,13
Mongolia,2014,17
Mongolia,2015,22
Mongolia,2016,25
Mongolia,2017,36
Mongolia,2018,36
Mongolia,2019,39
Mongolia,2020,36
Mongolia,2021,37
Mongolia,2022,37
Australia,2011,136
Australia,2012,144
Australia,2013,139
Australia,2014,158
Australia,2015,155
Australia,2016,159
Australia,2017,140
Australia,2018,163
Australia,2019,150
Australia,2020,148
Australia,2021,165
Australia,2022,188
Samoa,2011,0
Samoa,2012,0
Samoa,2013,0
Samoa,2014,0
Samoa,2015,0
Samoa,2016,0
Samoa,2017,1
Samoa,2018,1
Samoa,2019,1
Samoa,2020,1
Samoa,2021,1
Samoa,2022,1
Finland,2011,1077
Finland,2012,1132
Finland,2013,1128
Finland,2014,1154
Finland,2015,1199
Finland,2016,1244
Finland,2017,1252
Finland,2018,1259
Finland,2019,1304
Finland,2020,1295
Finland,2021,1256
Finland,2022,1203
France,2011,31456
France,2012,33123
France,2013,35215
France,2014,37158
France,2015,39370
France,2016,41671
France,2017,44284
France,2018,45822
France,2019,46938
France,2020,47805
France,2021,48502
France,2022,49173
Serbia,2011,2161
Serbia,2012,2756
Serbia,2013,2506
Serbia,2014,2429
Serbia,2015,2390
Serbia,2016,2367
Serbia,2017,2329
Serbia,2018,2297
Serbia,2019,2031
Serbia,2020,1866
Serbia,2021,1772
Serbia,2022,1757
Switzerland,2011,518
Switzerland,2012,533
Switzerland,2013,523
Switzerland,2014,531
Switzerland,2015,522
Switzerland,2016,526
Switzerland,2017,508
Switzerland,2018,515
Switzerland,2019,536
Switzerland,2020,549
Switzerland,2021,558
Switzerland,2022,527
Djibouti,2011,2
Djibouti,2012,2
Djibouti,2013,2
Djibouti,2014,1
Djibouti,2015,1
Djibouti,2016,1
Djibouti,2017,2
Djibouti,2018,0
Djibouti,2019,1
Djibouti,2020,3
Djibouti,2021,5
Djibouti,2022,5
Mali,2011,14
Mali,2012,15
Mali,2013,15
Mali,2014,21
Mali,2015,23
Mali,2016,33
Mali,2017,30
Mali,2018,25
Mali,2019,32
Mali,2020,26
Mali,2021,30
Mali,2022,38
South Sudan,2011,0
South Sudan,2012,0
South Sudan,2013,0
South Sudan,2014,0
South Sudan,2015,0
South Sudan,2016,0
South Sudan,2017,1
South Sudan,2018,1
South Sudan,2019,0
South Sudan,2020,3
South Sudan,2021,2
South Sudan,2022,0
Dominican Republic,2011,205
Dominican Republic,2012,221
Dominican Republic,2013,225
Dominican Republic,2014,233
Dominican Republic,2015,230
Dominican Republic,2016,244
Dominican Republic,2017,244
Dominican Republic,2018,250
Dominican Republic,2019,237
Dominican Republic,2020,256
Dominican Republic,2021,269
Dominican Republic,2022,263
Paraguay,2011,20
Paraguay,2012,22
Paraguay,2013,25
Paraguay,2014,25
Paraguay,2015,26
Paraguay,2016,26
Paraguay,2017,26
Paraguay,2018,23
Paraguay,2019,19
Paraguay,2020,20
Paraguay,2021,19
Paraguay,2022,22
Bhutan,2011,3
Bhutan,2012,4
Bhutan,2013,5
Bhutan,2014,4
Bhutan,2015,5
Bhutan,2016,5
Bhutan,2017,3
Bhutan,2018,3
Bhutan,2019,4
Bhutan,2020,5
Bhutan,2021,6
Bhutan,2022,6
South Korea,2011,61
South Korea,2012,85
South Korea,2013,108
South Korea,2014,163
South Korea,2015,216
South Korea,2016,167
South Korea,2017,143
South Korea,2018,161
South Korea,2019,176
South Korea,2020,197
South Korea,2021,197
South Korea,2022,192
Myanmar,2011,0
Myanmar,2012,0
Myanmar,2013,0
Myanmar,2014,0
Myanmar,2015,1
Myanmar,2016,1
Myanmar,2017,2
Myanmar,2018,6
Myanmar,2019,6
Myanmar,2020,5
Myanmar,2021,6
Myanmar,2022,6
Turkmanistan,2011,7
Turkmanistan,2012,6
Turkmanistan,2013,6
Turkmanistan,2014,6
Turkmanistan,2015,6
Turkmanistan,2016,7
Turkmanistan,2017,8
Turkmanistan,2018,14
Turkmanistan,2019,15
Turkmanistan,2020,16
Turkmanistan,2021,21
Turkmanistan,2022,24
Belgium,2011,16926
Belgium,2012,17165
Belgium,2013,17555
Belgium,2014,18159
Belgium,2015,18834
Belgium,2016,19406
Belgium,2017,20029
Belgium,2018,20212
Belgium,2019,19953
Belgium,2020,19823
Belgium,2021,19613
Belgium,2022,19414
Romania,2011,1589
Romania,2012,1925
Romania,2013,2233
Romania,2014,2527
Romania,2015,3210
Romania,2016,3833
Romania,2017,4142
Romania,2018,4662
Romania,2019,5209
Romania,2020,5724
Romania,2021,6096
Romania,2022,6405
United Kingdom,2011,5471
United Kingdom,2012,5571
United Kingdom,2013,5696
United Kingdom,2014,5883
United Kingdom,2015,6023
United Kingdom,2016,6119
United Kingdom,2017,6111
United Kingdom,2018,5941
United Kingdom,2019,5766
United Kingdom,2020,5317
United Kingdom,2021,0
United Kingdom,2022,0
Andorra,2011,3
Andorra,2012,4
Andorra,2013,4
Andorra,2014,2
Andorra,2015,4
Andorra,2016,5
Andorra,2017,6
Andorra,2018,7
Andorra,2019,8
Andorra,2020,9
Andorra,2021,8
Andorra,2022,12
Namibia,2011,2
Namibia,2012,2
Namibia,2013,2
Namibia,2014,3
Namibia,2015,3
Namibia,2016,4
Namibia,2017,5
Namibia,2018,5
Namibia,2019,6
Namibia,2020,10
Namibia,2021,8
Namibia,2022,10
Senegal,2011,136
Senegal,2012,173
Senegal,2013,194
Senegal,2014,230
Senegal,2015,240
Senegal,2016,270
Senegal,2017,298
Senegal,2018,320
Senegal,2019,347
Senegal,2020,379
Senegal,2021,428
Senegal,2022,473
Grenada,2011,0
Grenada,2012,0
Grenada,2013,0
Grenada,2014,0
Grenada,2015,0
Grenada,2016,2
Grenada,2017,2
Grenada,2018,2
Grenada,2019,2
Grenada,2020,2
Grenada,2021,2
Grenada,2022,2
Pananma,2011,4
Pananma,2012,5
Pananma,2013,9
Pananma,2014,5
Pananma,2015,8
Pananma,2016,8
Pananma,2017,9
Pananma,2018,9
Pananma,2019,14
Pananma,2020,11
Pananma,2021,11
Pananma,2022,11
Peru,2011,128
Peru,2012,141
Peru,2013,146
Peru,2014,143
Peru,2015,145
Peru,2016,156
Peru,2017,163
Peru,2018,161
Peru,2019,153
Peru,2020,161
Peru,2021,169
Peru,2022,181
Japan,2011,355
Japan,2012,385
Japan,2013,422
Japan,2014,449
Japan,2015,498
Japan,2016,560
Japan,2017,529
Japan,2018,518
Japan,2019,506
Japan,2020,532
Japan,2021,547
Japan,2022,537
Thailand,2011,316
Thailand,2012,326
Thailand,2013,345
Thailand,2014,358
Thailand,2015,373
Thailand,2016,391
Thailand,2017,413
Thailand,2018,424
Thailand,2019,448
Thailand,2020,448
Thailand,2021,467
Thailand,2022,475
Germany,2011,12049
Germany,2012,12259
Germany,2013,12382
Germany,2014,12659
Germany,2015,12789
Germany,2016,12787
Germany,2017,13092
Germany,2018,13146
Germany,2019,13015
Germany,2020,12849
Germany,2021,12785
Germany,2022,12796
Latvia,2011,395
Latvia,2012,474
Latvia,2013,503
Latvia,2014,554
Latvia,2015,590
Latvia,2016,649
Latvia,2017,675
Latvia,2018,711
Latvia,2019,727
Latvia,2020,754
Latvia,2021,753
Latvia,2022,764
Equatorial Guinea,2011,0
Equatorial Guinea,2012,0
Equatorial Guinea,2013,0
Equatorial Guinea,2014,0
Equatorial Guinea,2015,0
Equatorial Guinea,2016,0
Equatorial Guinea,2017,2
Equatorial Guinea,2018,1
Equatorial Guinea,2019,1
Equatorial Guinea,2020,1
Equatorial Guinea,2021,2
Equatorial Guinea,2022,3
Uganda,2011,9
Uganda,2012,10
Uganda,2013,10
Uganda,2014,11
Uganda,2015,16
Uganda,2016,17
Uganda,2017,12
Uganda,2018,14
Uganda,2019,15
Uganda,2020,14
Uganda,2021,15
Uganda,2022,19
Democratic Republic of Congo,2011,44
Democratic Republic of Congo,2012,66
Democratic Republic of Congo,2013,76
Democratic Republic of Congo,2014,96
Democratic Republic of Congo,2015,105
Democratic Republic of Congo,2016,119
Democratic Republic of Congo,2017,252
Democratic Republic of Congo,2018,253
Democratic Republic of Congo,2019,273
Democratic Republic of Congo,2020,295
Democratic Republic of Congo,2021,293
Democratic Republic of Congo,2022,310
Barbados,2011,0
Barbados,2012,1
Barbados,2013,1
Barbados,2014,1
Barbados,2015,1
Barbados,2016,2
Barbados,2017,2
Barbados,2018,1
Barbados,2019,2
Barbados,2020,3
Barbados,2021,3
Barbados,2022,3
Costa Rica,2011,5
Costa Rica,2012,5
Costa Rica,2013,5
Costa Rica,2014,7
Costa Rica,2015,8
Costa Rica,2016,8
Costa Rica,2017,10
Costa Rica,2018,14
Costa Rica,2019,20
Costa Rica,2020,31
Costa Rica,2021,37
Costa Rica,2022,42
Dominica,2011,0
Dominica,2012,0
Dominica,2013,0
Dominica,2014,0
Dominica,2015,0
Dominica,2016,0
Dominica,2017,1
Dominica,2018,0
Dominica,2019,0
Dominica,2020,1
Dominica,2021,1
Dominica,2022,2
Argentina,2011,52
Argentina,2012,75
Argentina,2013,85
Argentina,2014,93
Argentina,2015,98
Argentina,2016,109
Argentina,2017,98
Argentina,2018,93
Argentina,2019,103
Argentina,2020,121
Argentina,2021,137
Argentina,2022,156
Jordania,2011,5
Jordania,2012,4
Jordania,2013,6
Jordania,2014,5
Jordania,2015,7
Jordania,2016,16
Jordania,2017,23
Jordania,2018,28
Jordania,2019,27
Jordania,2020,35
Jordania,2021,32
Jordania,2022,28
Singapore,2011,26
Singapore,2012,27
Singapore,2013,30
Singapore,2014,30
Singapore,2015,47
Singapore,2016,47
Singapore,2017,52
Singapore,2018,65
Singapore,2019,69
Singapore,2020,87
Singapore,2021,94
Singapore,2022,97
Syria,2011,25
Syria,2012,30
Syria,2013,31
Syria,2014,43
Syria,2015,148
Syria,2016,831
Syria,2017,1183
Syria,2018,1700
Syria,2019,1933
Syria,2020,2266
Syria,2021,2535
Syria,2022,2696
Former Yugoslav Republic of Macedonia,2011,355
Former Yugoslav Republic of Macedonia,2012,698
Former Yugoslav Republic of Macedonia,2013,541
Former Yugoslav Republic of Macedonia,2014,522
Former Yugoslav Republic of Macedonia,2015,525
Former Yugoslav Republic of Macedonia,2016,507
Former Yugoslav Republic of Macedonia,2017,479
Former Yugoslav Republic of Macedonia,2018,447
Former Yugoslav Republic of Macedonia,2019,402
Former Yugoslav Republic of Macedonia,2020,398
Former Yugoslav Republic of Macedonia,2021,395
Former Yugoslav Republic of Macedonia,2022,400
Monaco,2011,1
Monaco,2012,1
Monaco,2013,1
Monaco,2014,2
Monaco,2015,2
Monaco,2016,2
Monaco,2017,2
Monaco,2018,2
Monaco,2019,2
Monaco,2020,3
Monaco,2021,3
Monaco,2022,3
San Marino,2011,0
San Marino,2012,0
San Marino,2013,1
San Marino,2014,2
San Marino,2015,1
San Marino,2016,2
San Marino,2017,1
San Marino,2018,1
San Marino,2019,1
San Marino,2020,1
San Marino,2021,0
San Marino,2022,1
Cape Verde,2011,2472
Cape Verde,2012,2513
Cape Verde,2013,2611
Cape Verde,2014,2747
Cape Verde,2015,2883
Cape Verde,2016,2965
Cape Verde,2017,2855
Cape Verde,2018,2778
Cape Verde,2019,2621
Cape Verde,2020,2572
Cape Verde,2021,2557
Cape Verde,2022,2507
Libya,2011,3
Libya,2012,4
Libya,2013,13
Libya,2014,24
Libya,2015,22
Libya,2016,20
Libya,2017,17
Libya,2018,23
Libya,2019,29
Libya,2020,43
Libya,2021,45
Libya,2022,46
Togo,2011,103
Togo,2012,115
Togo,2013,116
Togo,2014,135
Togo,2015,147
Togo,2016,163
Togo,2017,165
Togo,2018,175
Togo,2019,190
Togo,2020,203
Togo,2021,212
Togo,2022,233
Saint Kitts and Nevis,2011,0
Saint Kitts and Nevis,2012,0
Saint Kitts and Nevis,2013,0
Saint Kitts and Nevis,2014,0
Saint Kitts and Nevis,2015,0
Saint Kitts and Nevis,2016,1
Saint Kitts and Nevis,2017,1
Saint Kitts and Nevis,2018,2
Saint Kitts and Nevis,2019,2
Saint Kitts and Nevis,2020,1
Saint Kitts and Nevis,2021,2
Saint Kitts and Nevis,2022,2
Brunei,2011,0
Brunei,2012,0
Brunei,2013,0
Brunei,2014,0
Brunei,2015,0
Brunei,2016,0
Brunei,2017,0
Brunei,2018,1
Brunei,2019,1
Brunei,2020,1
Brunei,2021,0
Brunei,2022,0
Laos,2011,9
Laos,2012,9
Laos,2013,9
Laos,2014,13
Laos,2015,12
Laos,2016,10
Laos,2017,7
Laos,2018,8
Laos,2019,6
Laos,2020,8
Laos,2021,9
Laos,2022,8
"Taiwan, province of China",2011,24
"Taiwan, province of China",2012,26
"Taiwan, province of China",2013,22
"Taiwan, province of China",2014,22
"Taiwan, province of China",2015,22
"Taiwan, province of China",2016,29
"Taiwan, province of China",2017,24
"Taiwan, province of China",2018,35
"Taiwan, province of China",2019,43
"Taiwan, province of China",2020,75
"Taiwan, province of China",2021,74
"Taiwan, province of China",2022,88
New Zealand,2011,45
New Zealand,2012,50
New Zealand,2013,43
New Zealand,2014,46
New Zealand,2015,50
New Zealand,2016,52
New Zealand,2017,52
New Zealand,2018,59
New Zealand,2019,56
New Zealand,2020,51
New Zealand,2021,55
New Zealand,2022,55
Luxembourg,2011,291831
Luxembourg,2012,294983
Luxembourg,2013,298195
Luxembourg,2014,300766
Luxembourg,2015,304279
Luxembourg,2016,307074
Luxembourg,2017,309170
Luxembourg,2018,313771
Luxembourg,2019,322430
Luxembourg,2020,329643
Luxembourg,2021,335304
Luxembourg,2022,341230
Greece,2011,1541
Greece,2012,1683
Greece,2013,1902
Greece,2014,2108
Greece,2015,2307
Greece,2016,2572
Greece,2017,2896
Greece,2018,3250
Greece,2019,3442
Greece,2020,3673
Greece,2021,3811
Greece,2022,4017
Slovenia,2011,422
Slovenia,2012,476
Slovenia,2013,503
Slovenia,2014,572
Slovenia,2015,632
Slovenia,2016,669
Slovenia,2017,694
Slovenia,2018,727
Slovenia,2019,750
Slovenia,2020,756
Slovenia,2021,766
Slovenia,2022,775
Sweden,2011,1720
Sweden,2012,1739
Sweden,2013,1761
Sweden,2014,1761
Sweden,2015,1833
Sweden,2016,1877
Sweden,2017,1823
Sweden,2018,1787
Sweden,2019,1749
Sweden,2020,1721
Sweden,2021,1666
Sweden,2022,1611
Albania,2011,367
Albania,2012,394
Albania,2013,502
Albania,2014,539
Albania,2015,579
Albania,2016,637
Albania,2017,659
Albania,2018,623
Albania,2019,626
Albania,2020,700
Albania,2021,777
Albania,2022,873
United Kingdom,2011,0
United Kingdom,2012,0
United Kingdom,2013,0
United Kingdom,2014,0
United Kingdom,2015,0
United Kingdom,2016,0
United Kingdom,2017,0
United Kingdom,2018,0
United Kingdom,2019,0
United Kingdom,2020,0
United Kingdom,2021,4561
United Kingdom,2022,4104
Congo,2011,159
Congo,2012,163
Congo,2013,165
Congo,2014,166
Congo,2015,167
Congo,2016,171
Congo,2017,49
Congo,2018,47
Congo,2019,38
Congo,2020,37
Congo,2021,40
Congo,2022,37
Tunesia,2011,275
Tunesia,2012,331
Tunesia,2013,374
Tunesia,2014,428
Tunesia,2015,467
Tunesia,2016,510
Tunesia,2017,535
Tunesia,2018,643
Tunesia,2019,778
Tunesia,2020,887
Tunesia,2021,994
Tunesia,2022,1100
Venezuela,2011,38
Venezuela,2012,49
Venezuela,2013,56
Venezuela,2014,62
Venezuela,2015,69
Venezuela,2016,89
Venezuela,2017,84
Venezuela,2018,99
Venezuela,2019,121
Venezuela,2020,180
Venezuela,2021,235
Venezuela,2022,268
Cambodia,2011,6
Cambodia,2012,10
Cambodia,2013,10
Cambodia,2014,11
Cambodia,2015,10
Cambodia,2016,12
Cambodia,2017,12
Cambodia,2018,12
Cambodia,2019,12
Cambodia,2020,15
Cambodia,2021,15
Cambodia,2022,19
China,2011,1610
China,2012,1711
China,2013,1833
China,2014,2198
China,2015,2466
China,2016,2801
China,2017,3222
China,2018,3512
China,2019,3714
China,2020,3925
China,2021,3999
China,2022,4142
North Korea,2011,3
North Korea,2012,4
North Korea,2013,5
North Korea,2014,13
North Korea,2015,13
North Korea,2016,13
North Korea,2017,12
North Korea,2018,14
North Korea,2019,13
North Korea,2020,10
North Korea,2021,9
North Korea,2022,8
OTHER NATIONALITIES,2011,9
OTHER NATIONALITIES,2012,8
OTHER NATIONALITIES,2013,9
OTHER NATIONALITIES,2014,10
OTHER NATIONALITIES,2015,10
OTHER NATIONALITIES,2016,12
OTHER NATIONALITIES,2017,8
OTHER NATIONALITIES,2018,9
OTHER NATIONALITIES,2019,9
OTHER NATIONALITIES,2020,8
OTHER NATIONALITIES,2021,8
OTHER NATIONALITIES,2022,10
STATELESS PERSONS AND FOREIGNERS WITH NO INDICATION OF NATIONALITY,2011,247
STATELESS PERSONS AND FOREIGNERS WITH NO INDICATION OF NATIONALITY,2012,266
STATELESS PERSONS AND FOREIGNERS WITH NO INDICATION OF NATIONALITY,2013,288
STATELESS PERSONS AND FOREIGNERS WITH NO INDICATION OF NATIONALITY,2014,329
STATELESS PERSONS AND FOREIGNERS WITH NO INDICATION OF NATIONALITY,2015,331
STATELESS PERSONS AND FOREIGNERS WITH NO INDICATION OF NATIONALITY,2016,361
STATELESS PERSONS AND FOREIGNERS WITH NO INDICATION OF NATIONALITY,2017,415
STATELESS PERSONS AND FOREIGNERS WITH NO INDICATION OF NATIONALITY,2018,400
STATELESS PERSONS AND FOREIGNERS WITH NO INDICATION OF NATIONALITY,2019,384
STATELESS PERSONS AND FOREIGNERS WITH NO INDICATION OF NATIONALITY,2020,379
STATELESS PERSONS AND FOREIGNERS WITH NO INDICATION OF NATIONALITY,2021,372
STATELESS PERSONS AND FOREIGNERS WITH NO INDICATION OF NATIONALITY,2022,344
Hungary,2011,935
Hungary,2012,1038
Hungary,2013,1130
Hungary,2014,1310
Hungary,2015,1444
Hungary,2016,1548
Hungary,2017,1650
Hungary,2018,1828
Hungary,2019,1880
Hungary,2020,1851
Hungary,2021,1873
Hungary,2022,1822
Ireland,2011,1325
Ireland,2012,1419
Ireland,2013,1489
Ireland,2014,1527
Ireland,2015,1604
Ireland,2016,1689
Ireland,2017,1762
Ireland,2018,1865
Ireland,2019,1909
Ireland,2020,2027
Ireland,2021,2261
Ireland,2022,2369
Norway,2011,230
Norway,2012,224
Norway,2013,239
Norway,2014,251
Norway,2015,257
Norway,2016,268
Norway,2017,264
Norway,2018,256
Norway,2019,262
Norway,2020,265
Norway,2021,246
Norway,2022,249
Comoros,2011,4
Comoros,2012,5
Comoros,2013,6
Comoros,2014,5
Comoros,2015,6
Comoros,2016,6
Comoros,2017,6
Comoros,2018,8
Comoros,2019,8
Comoros,2020,10
Comoros,2021,7
Comoros,2022,6
Lesotho,2011,0
Lesotho,2012,0
Lesotho,2013,0
Lesotho,2014,0
Lesotho,2015,0
Lesotho,2016,0
Lesotho,2017,0
Lesotho,2018,0
Lesotho,2019,0
Lesotho,2020,1
Lesotho,2021,1
Lesotho,2022,1
Central African Republic,2011,5
Central African Republic,2012,5
Central African Republic,2013,4
Central African Republic,2014,4
Central African Republic,2015,5
Central African Republic,2016,9
Central African Republic,2017,9
Central African Republic,2018,9
Central African Republic,2019,9
Central African Republic,2020,11
Central African Republic,2021,13
Central African Republic,2022,12
Zambia,2011,7
Zambia,2012,7
Zambia,2013,7
Zambia,2014,8
Zambia,2015,8
Zambia,2016,8
Zambia,2017,7
Zambia,2018,9
Zambia,2019,8
Zambia,2020,7
Zambia,2021,6
Zambia,2022,6
Cuba,2011,65
Cuba,2012,68
Cuba,2013,72
Cuba,2014,78
Cuba,2015,82
Cuba,2016,85
Cuba,2017,88
Cuba,2018,88
Cuba,2019,91
Cuba,2020,101
Cuba,2021,108
Cuba,2022,109
Saint Vincent and the Grenadines,2011,0
Saint Vincent and the Grenadines,2012,0
Saint Vincent and the Grenadines,2013,0
Saint Vincent and the Grenadines,2014,0
Saint Vincent and the Grenadines,2015,0
Saint Vincent and the Grenadines,2016,0
Saint Vincent and the Grenadines,2017,0
Saint Vincent and the Grenadines,2018,0
Saint Vincent and the Grenadines,2019,0
Saint Vincent and the Grenadines,2020,0
Saint Vincent and the Grenadines,2021,1
Saint Vincent and the Grenadines,2022,1
Kirghizia,2011,19
Kirghizia,2012,20
Kirghizia,2013,19
Kirghizia,2014,15
Kirghizia,2015,17
Kirghizia,2016,12
Kirghizia,2017,12
Kirghizia,2018,13
Kirghizia,2019,14
Kirghizia,2020,23
Kirghizia,2021,21
Kirghizia,2022,21
Kuwait,2011,1
Kuwait,2012,2
Kuwait,2013,2
Kuwait,2014,2
Kuwait,2015,3
Kuwait,2016,3
Kuwait,2017,0
Kuwait,2018,3
Kuwait,2019,6
Kuwait,2020,4
Kuwait,2021,1
Kuwait,2022,1
Vanuatu,2011,0
Vanuatu,2012,0
Vanuatu,2013,0
Vanuatu,2014,1
Vanuatu,2015,0
Vanuatu,2016,0
Vanuatu,2017,0
Vanuatu,2018,0
Vanuatu,2019,0
Vanuatu,2020,0
Vanuatu,2021,0
Vanuatu,2022,0
